{
  "OpenCV": {
    "model_name": "OpenCV",
    "total_samples": 70,
    "valid_predictions": 70,
    "failed_predictions": 0,
    "accuracy": 0.44285714285714284,
    "precision_macro": 0.45476190476190476,
    "recall_macro": 0.4428571428571428,
    "f1_macro": 0.43308270676691724,
    "precision_weighted": 0.4547619047619047,
    "recall_weighted": 0.44285714285714284,
    "f1_weighted": 0.43308270676691735,
    "per_class": {
      "angry": {
        "total": 10,
        "correct": 5,
        "accuracy": 0.5
      },
      "disgust": {
        "total": 10,
        "correct": 8,
        "accuracy": 0.8
      },
      "fear": {
        "total": 10,
        "correct": 0,
        "accuracy": 0.0
      },
      "happy": {
        "total": 10,
        "correct": 6,
        "accuracy": 0.6
      },
      "neutral": {
        "total": 10,
        "correct": 3,
        "accuracy": 0.3
      },
      "sad": {
        "total": 10,
        "correct": 3,
        "accuracy": 0.3
      },
      "surprise": {
        "total": 10,
        "correct": 6,
        "accuracy": 0.6
      }
    },
    "confusion_matrix": [
      [
        5,
        0,
        1,
        1,
        1,
        1,
        1
      ],
      [
        2,
        8,
        0,
        0,
        0,
        0,
        0
      ],
      [
        4,
        2,
        0,
        0,
        0,
        3,
        1
      ],
      [
        0,
        0,
        0,
        6,
        0,
        3,
        1
      ],
      [
        3,
        1,
        2,
        0,
        3,
        1,
        0
      ],
      [
        4,
        1,
        1,
        1,
        0,
        3,
        0
      ],
      [
        2,
        0,
        0,
        0,
        1,
        1,
        6
      ]
    ],
    "labels": [
      "angry",
      "disgust",
      "fear",
      "happy",
      "neutral",
      "sad",
      "surprise"
    ],
    "classification_report": {
      "angry": {
        "precision": 0.25,
        "recall": 0.5,
        "f1-score": 0.3333333333333333,
        "support": 10.0
      },
      "disgust": {
        "precision": 0.6666666666666666,
        "recall": 0.8,
        "f1-score": 0.7272727272727273,
        "support": 10.0
      },
      "fear": {
        "precision": 0.0,
        "recall": 0.0,
        "f1-score": 0.0,
        "support": 10.0
      },
      "happy": {
        "precision": 0.75,
        "recall": 0.6,
        "f1-score": 0.6666666666666666,
        "support": 10.0
      },
      "neutral": {
        "precision": 0.6,
        "recall": 0.3,
        "f1-score": 0.4,
        "support": 10.0
      },
      "sad": {
        "precision": 0.25,
        "recall": 0.3,
        "f1-score": 0.2727272727272727,
        "support": 10.0
      },
      "surprise": {
        "precision": 0.6666666666666666,
        "recall": 0.6,
        "f1-score": 0.631578947368421,
        "support": 10.0
      },
      "accuracy": 0.44285714285714284,
      "macro avg": {
        "precision": 0.45476190476190476,
        "recall": 0.4428571428571428,
        "f1-score": 0.43308270676691724,
        "support": 70.0
      },
      "weighted avg": {
        "precision": 0.4547619047619047,
        "recall": 0.44285714285714284,
        "f1-score": 0.43308270676691735,
        "support": 70.0
      }
    }
  },
  "DeepFace": {
    "model_name": "DeepFace",
    "total_samples": 70,
    "valid_predictions": 70,
    "failed_predictions": 0,
    "accuracy": 0.5142857142857142,
    "precision_macro": 0.54004329004329,
    "recall_macro": 0.5142857142857143,
    "f1_macro": 0.5199890961169157,
    "precision_weighted": 0.5400432900432901,
    "recall_weighted": 0.5142857142857142,
    "f1_weighted": 0.5199890961169156,
    "per_class": {
      "angry": {
        "total": 10,
        "correct": 3,
        "accuracy": 0.3
      },
      "disgust": {
        "total": 10,
        "correct": 5,
        "accuracy": 0.5
      },
      "fear": {
        "total": 10,
        "correct": 4,
        "accuracy": 0.4
      },
      "happy": {
        "total": 10,
        "correct": 7,
        "accuracy": 0.7
      },
      "neutral": {
        "total": 10,
        "correct": 5,
        "accuracy": 0.5
      },
      "sad": {
        "total": 10,
        "correct": 4,
        "accuracy": 0.4
      },
      "surprise": {
        "total": 10,
        "correct": 8,
        "accuracy": 0.8
      }
    },
    "confusion_matrix": [
      [
        3,
        0,
        2,
        0,
        1,
        3,
        1
      ],
      [
        3,
        5,
        0,
        0,
        1,
        1,
        0
      ],
      [
        0,
        0,
        4,
        1,
        2,
        2,
        1
      ],
      [
        1,
        0,
        0,
        7,
        2,
        0,
        0
      ],
      [
        1,
        1,
        1,
        0,
        5,
        2,
        0
      ],
      [
        1,
        0,
        3,
        1,
        1,
        4,
        0
      ],
      [
        0,
        0,
        1,
        1,
        0,
        0,
        8
      ]
    ],
    "labels": [
      "angry",
      "disgust",
      "fear",
      "happy",
      "neutral",
      "sad",
      "surprise"
    ],
    "classification_report": {
      "angry": {
        "precision": 0.3333333333333333,
        "recall": 0.3,
        "f1-score": 0.3157894736842105,
        "support": 10.0
      },
      "disgust": {
        "precision": 0.8333333333333334,
        "recall": 0.5,
        "f1-score": 0.625,
        "support": 10.0
      },
      "fear": {
        "precision": 0.36363636363636365,
        "recall": 0.4,
        "f1-score": 0.38095238095238093,
        "support": 10.0
      },
      "happy": {
        "precision": 0.7,
        "recall": 0.7,
        "f1-score": 0.7,
        "support": 10.0
      },
      "neutral": {
        "precision": 0.4166666666666667,
        "recall": 0.5,
        "f1-score": 0.45454545454545453,
        "support": 10.0
      },
      "sad": {
        "precision": 0.3333333333333333,
        "recall": 0.4,
        "f1-score": 0.36363636363636365,
        "support": 10.0
      },
      "surprise": {
        "precision": 0.8,
        "recall": 0.8,
        "f1-score": 0.8,
        "support": 10.0
      },
      "accuracy": 0.5142857142857142,
      "macro avg": {
        "precision": 0.54004329004329,
        "recall": 0.5142857142857143,
        "f1-score": 0.5199890961169157,
        "support": 70.0
      },
      "weighted avg": {
        "precision": 0.5400432900432901,
        "recall": 0.5142857142857142,
        "f1-score": 0.5199890961169156,
        "support": 70.0
      }
    }
  }
}