{
  "DeepFace": {
    "model_name": "DeepFace",
    "total_samples": 700,
    "valid_predictions": 700,
    "failed_predictions": 0,
    "accuracy": 0.4828571428571429,
    "precision_macro": 0.5460939801819419,
    "recall_macro": 0.48285714285714293,
    "f1_macro": 0.48232347206902065,
    "precision_weighted": 0.5460939801819419,
    "recall_weighted": 0.4828571428571429,
    "f1_weighted": 0.48232347206902065,
    "per_class": {
      "angry": {
        "total": 100,
        "correct": 34,
        "accuracy": 0.34
      },
      "disgust": {
        "total": 100,
        "correct": 27,
        "accuracy": 0.27
      },
      "fear": {
        "total": 100,
        "correct": 41,
        "accuracy": 0.41
      },
      "happy": {
        "total": 100,
        "correct": 75,
        "accuracy": 0.75
      },
      "neutral": {
        "total": 100,
        "correct": 55,
        "accuracy": 0.55
      },
      "sad": {
        "total": 100,
        "correct": 40,
        "accuracy": 0.4
      },
      "surprise": {
        "total": 100,
        "correct": 66,
        "accuracy": 0.66
      }
    },
    "confusion_matrix": [
      [
        34,
        0,
        15,
        11,
        22,
        14,
        4
      ],
      [
        31,
        27,
        14,
        3,
        13,
        12,
        0
      ],
      [
        4,
        0,
        41,
        8,
        16,
        19,
        12
      ],
      [
        3,
        0,
        3,
        75,
        10,
        8,
        1
      ],
      [
        9,
        1,
        8,
        7,
        55,
        18,
        2
      ],
      [
        13,
        0,
        18,
        9,
        20,
        40,
        0
      ],
      [
        1,
        0,
        15,
        5,
        12,
        1,
        66
      ]
    ],
    "labels": [
      "angry",
      "disgust",
      "fear",
      "happy",
      "neutral",
      "sad",
      "surprise"
    ],
    "classification_report": {
      "angry": {
        "precision": 0.35789473684210527,
        "recall": 0.34,
        "f1-score": 0.3487179487179487,
        "support": 100.0
      },
      "disgust": {
        "precision": 0.9642857142857143,
        "recall": 0.27,
        "f1-score": 0.421875,
        "support": 100.0
      },
      "fear": {
        "precision": 0.35964912280701755,
        "recall": 0.41,
        "f1-score": 0.38317757009345793,
        "support": 100.0
      },
      "happy": {
        "precision": 0.635593220338983,
        "recall": 0.75,
        "f1-score": 0.6880733944954128,
        "support": 100.0
      },
      "neutral": {
        "precision": 0.3716216216216216,
        "recall": 0.55,
        "f1-score": 0.4435483870967742,
        "support": 100.0
      },
      "sad": {
        "precision": 0.35714285714285715,
        "recall": 0.4,
        "f1-score": 0.37735849056603776,
        "support": 100.0
      },
      "surprise": {
        "precision": 0.7764705882352941,
        "recall": 0.66,
        "f1-score": 0.7135135135135136,
        "support": 100.0
      },
      "accuracy": 0.4828571428571429,
      "macro avg": {
        "precision": 0.5460939801819419,
        "recall": 0.48285714285714293,
        "f1-score": 0.48232347206902065,
        "support": 700.0
      },
      "weighted avg": {
        "precision": 0.5460939801819419,
        "recall": 0.4828571428571429,
        "f1-score": 0.48232347206902065,
        "support": 700.0
      }
    }
  }
}